{
    "film":[
        {

            "Image":"./image/king-kong.jpg",
            "Titre":"King Kong ",
            "Date":"1993",
            "Réalisateur":"Merian C. Cooper, Ernest B",
            "Genre":"Horreur, fantastique",
            "Sortiedvd":"22 novembre 2005"
        },
        {
            "Image":"./image/camonte.jpg",
            "Titre":"Scarface ",
            "Date":"1932",
            "Réalisateur":"Howard Harks",
            "Genre":"Policier, action",
            "Sortiedvd":"23 décembre 2005"
        },
        {
            "Image":"./image/autant-le-vent-little.png",
            "Titre":"Autant en emporte le vent",
            "Date":"1939",
            "Réalisateur":"Victor Fleming",
            "Genre":"Drammatique, guerre",
            "Sortiedvd":"19 mars 2005"
        }
        
        
        
    ]
}
